timestamp,open,high,low,close,volume,source_1m_count
2026-06-03 11:00:00,8.355,8.372,8.277,8.302,110458.54000000001,60
2026-06-03 12:00:00,8.302,8.309,8.24,8.306,106075.02,60
2026-06-03 13:00:00,8.307,8.346,8.256,8.313,147898.07,60
2026-06-03 14:00:00,8.313,8.32,8.226,8.275,140199.86,60
2026-06-03 15:00:00,8.276,8.285,8.179,8.191,144322.69,60
2026-06-03 16:00:00,8.192,8.198,8.029,8.123,226529.48,60
2026-06-03 17:00:00,8.124,8.192,8.069,8.14,117197.91,60
2026-06-03 18:00:00,8.141,8.189,8.077,8.185,146714.29,60
2026-06-03 19:00:00,8.185,8.194,8.03,8.044,228249.39,60
2026-06-03 20:00:00,8.043,8.096,7.909,7.958,296470.15,60
2026-06-03 21:00:00,7.957,8.179,7.928,8.173,159174.9,60
2026-06-03 22:00:00,8.173,8.191,8.079,8.107,161775.33,60
2026-06-03 23:00:00,8.107,8.115,8.037,8.049,130879.47,60
2026-06-04 00:00:00,8.048,8.117,7.93,7.989,248202.46,60
2026-06-04 01:00:00,7.989,8.024,7.744,7.765,477339.26,60
2026-06-04 02:00:00,7.766,7.889,7.519,7.841,762254.9199999999,60
2026-06-04 03:00:00,7.842,8.064,7.841,8.035,222606.64,60
2026-06-04 04:00:00,8.036,8.077,7.974,7.987,80274.40000000001,60
2026-06-04 05:00:00,7.986,7.986,7.859,7.898,148336.21,60
2026-06-04 06:00:00,7.897,8.001,7.884,7.929,106186.9,60
2026-06-04 07:00:00,7.93,7.939,7.819,7.824,144788.91999999998,60
2026-06-04 08:00:00,7.825,7.85,7.74,7.801,154729.84,60
2026-06-04 09:00:00,7.801,7.804,7.601,7.719,252015.1,60
2026-06-04 10:00:00,7.719,7.721,7.544,7.575,449676.83,60
2026-06-04 11:00:00,7.575,7.68,7.543,7.663,242934.80000000002,60
2026-06-04 12:00:00,7.663,7.826,7.616,7.804,188175.03,60
2026-06-04 13:00:00,7.804,7.828,7.679,7.788,201620.69,60
2026-06-04 14:00:00,7.789,7.808,7.727,7.771,182026.91999999998,60
2026-06-04 15:00:00,7.77,7.858,7.75,7.762,119462.67,60
2026-06-04 16:00:00,7.764,7.798,7.707,7.759,90756.91,60
2026-06-04 17:00:00,7.758,7.796,7.672,7.753,121533.68,60
2026-06-04 18:00:00,7.754,7.842,7.69,7.81,89317.61,60
2026-06-04 19:00:00,7.809,7.847,7.764,7.78,80536.85,60
2026-06-04 20:00:00,7.779,7.781,7.704,7.74,69656.22,60
2026-06-04 21:00:00,7.739,7.764,7.567,7.596,150746.53,60
2026-06-04 22:00:00,7.596,7.679,7.575,7.672,145021.6,60
2026-06-04 23:00:00,7.671,7.712,7.616,7.707,110480.73,60
2026-06-05 00:00:00,7.706,7.724,7.632,7.637,109795.31,60
2026-06-05 01:00:00,7.637,7.682,7.564,7.647,160760.84,60
2026-06-05 02:00:00,7.647,7.651,7.418,7.434,270780.08,60
2026-06-05 03:00:00,7.435,7.502,7.313,7.317,251034.86,60
2026-06-05 04:00:00,7.318,7.487,7.293,7.482,243458.64,60
2026-06-05 05:00:00,7.482,7.509,7.252,7.263,289338.62,60
2026-06-05 06:00:00,7.263,7.283,7.005,7.181,564050.36,60
2026-06-05 07:00:00,7.18,7.319,7.056,7.305,336924.76,60
2026-06-05 08:00:00,7.306,7.307,7.124,7.158,167366.1,60
2026-06-05 09:00:00,7.159,7.283,7.158,7.254,170382.68,60
2026-06-05 10:00:00,7.255,7.269,7.137,7.158,119340.71,60
2026-06-05 11:00:00,7.157,7.159,7.063,7.077,191841.67,60
2026-06-05 12:00:00,7.076,7.13,7.016,7.086,215580.37,60
2026-06-05 13:00:00,7.087,7.223,6.968,6.974,293350.59,60
2026-06-05 14:00:00,6.974,7.127,6.891,7.077,379388.27,60
2026-06-05 15:00:00,7.077,7.092,6.851,6.904,405380.17,60
2026-06-05 16:00:00,6.903,7.081,6.79,7.062,561141.51,60
2026-06-05 17:00:00,7.062,7.109,6.982,7.021,162701.16,60
2026-06-05 18:00:00,7.022,7.066,6.808,6.826,210220.45,60
2026-06-05 19:00:00,6.825,6.83,6.584,6.7,562936.33,60
2026-06-05 20:00:00,6.697,6.98,6.613,6.908,422566.44,60
2026-06-05 21:00:00,6.907,7.01,6.889,6.957,111989.02,60
2026-06-05 22:00:00,6.956,6.959,6.769,6.807,185751.57,60
2026-06-05 23:00:00,6.808,6.854,6.634,6.729,187261.47,60
2026-06-06 00:00:00,6.73,6.909,6.728,6.899,111562.23,60
2026-06-06 01:00:00,6.9,6.933,6.726,6.744,91297.44,60
2026-06-06 02:00:00,6.743,6.75,6.653,6.658,89497.82,60
2026-06-06 03:00:00,6.657,6.657,6.515,6.526,161056.96,60
2026-06-06 04:00:00,6.526,6.552,6.224,6.307,503012.24,60
2026-06-06 05:00:00,6.306,6.584,6.256,6.582,222975.54,60
2026-06-06 06:00:00,6.583,6.689,6.543,6.546,103430.59,60
2026-06-06 07:00:00,6.547,6.716,6.523,6.676,139666.62,60
2026-06-06 08:00:00,6.677,6.759,6.634,6.746,135277.74,60
2026-06-06 09:00:00,6.746,6.838,6.701,6.713,146382.31,60
2026-06-06 10:00:00,6.714,6.714,6.571,6.62,183150.3,60
2026-06-06 11:00:00,6.619,6.705,6.607,6.683,85110.6,60
2026-06-06 12:00:00,6.683,6.804,6.655,6.786,117183.98,60
2026-06-06 13:00:00,6.785,6.82,6.743,6.762,90270.52,60
2026-06-06 14:00:00,6.763,6.828,6.749,6.754,115333.04,60
2026-06-06 15:00:00,6.755,6.77,6.602,6.693,163203.85,60
2026-06-06 16:00:00,6.692,6.715,6.629,6.697,113199.99,60
2026-06-06 17:00:00,6.698,6.706,6.596,6.613,114553.95,60
2026-06-06 18:00:00,6.612,6.666,6.597,6.64,63936.75,60
2026-06-06 19:00:00,6.64,6.672,6.608,6.608,53938.8,60
2026-06-06 20:00:00,6.608,6.63,6.567,6.623,91407.73,60
2026-06-06 21:00:00,6.624,6.672,6.624,6.629,71260.4,60
2026-06-06 22:00:00,6.628,6.657,6.586,6.634,74289.98,60
2026-06-06 23:00:00,6.634,6.689,6.631,6.664,45871.35,60
2026-06-07 00:00:00,6.665,6.702,6.652,6.663,47950.5,60
2026-06-07 01:00:00,6.661,6.841,6.653,6.782,197150.99,60
2026-06-07 02:00:00,6.783,6.796,6.717,6.775,69290.84,60
2026-06-07 03:00:00,6.775,6.801,6.725,6.757,60390.39,60
2026-06-07 04:00:00,6.756,6.787,6.69,6.78,71076.31,60
2026-06-07 05:00:00,6.779,6.82,6.751,6.772,84530.42,60
2026-06-07 06:00:00,6.771,6.835,6.728,6.792,135859.97,60
2026-06-07 07:00:00,6.791,6.833,6.758,6.825,125190.99,60
2026-06-07 08:00:00,6.825,6.886,6.779,6.874,171170.67,60
2026-06-07 09:00:00,6.874,6.88,6.77,6.771,126718.72,60
2026-06-07 10:00:00,6.772,6.781,6.696,6.714,111646.48,60
2026-06-07 11:00:00,6.714,6.755,6.695,6.729,119807.2,60
2026-06-07 12:00:00,6.73,6.735,6.593,6.651,217926.14,60
2026-06-07 13:00:00,6.651,6.676,6.627,6.66,80064.23,60
2026-06-07 14:00:00,6.66,6.777,6.646,6.725,156410.76,60
2026-06-07 15:00:00,6.725,6.725,6.669,6.71,109293.05,60
2026-06-07 16:00:00,6.71,6.723,6.669,6.698,71069.34,60
2026-06-07 17:00:00,6.698,6.743,6.664,6.688,121084.68000000001,60
2026-06-07 18:00:00,6.688,6.724,6.667,6.671,44214.69,60
2026-06-07 19:00:00,6.672,6.672,6.508,6.541,228505.09,60
2026-06-07 20:00:00,6.54,6.62,6.519,6.61,98078.27,60
2026-06-07 21:00:00,6.609,6.628,6.561,6.595,52367.45,60
2026-06-07 22:00:00,6.596,6.964,6.59,6.75,364831.03,60
2026-06-07 23:00:00,6.749,6.839,6.736,6.819,132362.38,60
2026-06-08 00:00:00,6.818,6.864,6.765,6.822,119813.58,60
2026-06-08 01:00:00,6.823,6.825,6.636,6.712,168498.91,60
2026-06-08 02:00:00,6.713,6.731,6.669,6.7,92072.01,60
2026-06-08 03:00:00,6.7,6.736,6.637,6.668,94419.52,60
2026-06-08 04:00:00,6.669,6.678,6.585,6.589,80156.94,60
2026-06-08 05:00:00,6.589,6.615,6.538,6.596,136635.84,60
2026-06-08 06:00:00,6.596,6.667,6.594,6.648,97705.21,60
2026-06-08 07:00:00,6.648,6.705,6.607,6.703,83448.28,60
2026-06-08 08:00:00,6.703,6.705,6.629,6.663,139025.63,60
2026-06-08 09:00:00,6.662,6.715,6.621,6.709,108183.8,60
2026-06-08 10:00:00,6.708,6.745,6.664,6.702,81631.33,60
2026-06-08 11:00:00,6.702,6.824,6.688,6.785,145472.18,60
2026-06-08 12:00:00,6.785,6.822,6.708,6.812,198782.54,60
2026-06-08 13:00:00,6.813,6.827,6.702,6.732,147764.83,60
2026-06-08 14:00:00,6.733,6.823,6.701,6.817,152333.03,60
2026-06-08 15:00:00,6.818,6.88,6.797,6.809,144170.9,60
2026-06-08 16:00:00,6.81,6.856,6.787,6.804,133761.21,60
2026-06-08 17:00:00,6.804,6.835,6.771,6.832,98886.01,60
2026-06-08 18:00:00,6.831,6.864,6.79,6.821,72798.09,60
2026-06-08 19:00:00,6.821,6.847,6.804,6.822,61891.13,60
2026-06-08 20:00:00,6.823,6.825,6.752,6.798,121467.09,60
2026-06-08 21:00:00,6.799,6.882,6.796,6.818,121781.51,60
2026-06-08 22:00:00,6.817,6.817,6.773,6.802,77402.47,60
2026-06-08 23:00:00,6.802,6.823,6.745,6.766,49038.05,60
2026-06-09 00:00:00,6.767,6.777,6.593,6.616,300936.17,60
2026-06-09 01:00:00,6.615,6.664,6.598,6.657,83235.0,60
2026-06-09 02:00:00,6.657,6.678,6.601,6.66,49061.15,60
2026-06-09 03:00:00,6.661,6.685,6.623,6.67,122103.48,60
2026-06-09 04:00:00,6.67,6.778,6.645,6.744,174101.84,60
2026-06-09 05:00:00,6.744,6.793,6.739,6.779,54595.76,60
2026-06-09 06:00:00,6.78,6.788,6.753,6.755,43646.21,60
2026-06-09 07:00:00,6.756,6.787,6.729,6.748,69065.09,60
2026-06-09 08:00:00,6.749,6.751,6.701,6.719,62337.270000000004,60
2026-06-09 09:00:00,6.718,6.728,6.663,6.677,57822.409999999996,60
2026-06-09 10:00:00,6.678,6.703,6.66,6.696,67155.0,60
2026-06-09 11:00:00,6.695,6.718,6.667,6.711,42130.95,60
2026-06-09 12:00:00,6.71,6.743,6.701,6.735,54440.06,60
2026-06-09 13:00:00,6.735,6.748,6.672,6.69,96428.62,60
2026-06-09 14:00:00,6.69,6.705,6.531,6.61,214710.31,60
2026-06-09 15:00:00,6.609,6.643,6.518,6.526,109853.41,60
2026-06-09 16:00:00,6.526,6.554,6.445,6.521,166387.91,60
2026-06-09 17:00:00,6.521,6.641,6.517,6.608,125780.53,60
2026-06-09 18:00:00,6.608,6.675,6.59,6.65,82051.33,60
2026-06-09 19:00:00,6.65,6.68,6.631,6.658,86892.51,60
2026-06-09 20:00:00,6.659,6.7,6.656,6.68,74299.85,60
2026-06-09 21:00:00,6.68,6.69,6.614,6.625,76108.07,60
2026-06-09 22:00:00,6.625,6.657,6.611,6.619,67747.5,60
2026-06-09 23:00:00,6.619,6.652,6.611,6.639,47772.63,60
2026-06-10 00:00:00,6.639,6.676,6.601,6.668,62518.55,60
2026-06-10 01:00:00,6.668,6.68,6.619,6.635,53025.1,60
2026-06-10 02:00:00,6.636,6.65,6.556,6.566,48885.41,60
2026-06-10 03:00:00,6.567,6.611,6.557,6.583,27792.2,60
2026-06-10 04:00:00,6.583,6.593,6.532,6.547,43761.7,60
2026-06-10 05:00:00,6.548,6.564,6.489,6.515,80129.14,60
2026-06-10 06:00:00,6.515,6.551,6.497,6.528,62931.950000000004,60
2026-06-10 07:00:00,6.527,6.585,6.526,6.563,64035.909999999996,60
2026-06-10 08:00:00,6.564,6.564,6.442,6.473,179565.73,60
2026-06-10 09:00:00,6.474,6.509,6.432,6.494,102565.66,60
2026-06-10 10:00:00,6.495,6.504,6.44,6.499,56320.67,60
2026-06-10 11:00:00,6.5,6.509,6.419,6.462,154844.96,60
2026-06-10 12:00:00,6.462,6.601,6.439,6.543,193617.38,60
2026-06-10 13:00:00,6.543,6.664,6.529,6.599,173107.86,60
2026-06-10 14:00:00,6.6,6.61,6.51,6.554,130758.57,60
2026-06-10 15:00:00,6.555,6.617,6.502,6.58,224293.77,60
2026-06-10 16:00:00,6.58,6.583,6.461,6.506,199296.04,60
2026-06-10 17:00:00,6.506,6.535,6.429,6.49,193945.55,60
2026-06-10 18:00:00,6.49,6.535,6.479,6.535,115144.24,60
2026-06-10 19:00:00,6.534,6.536,6.442,6.461,167752.65,60
2026-06-10 20:00:00,6.462,6.484,6.423,6.443,113834.68,60
2026-06-10 21:00:00,6.442,6.443,6.301,6.338,192314.97,60
2026-06-10 22:00:00,6.339,6.392,6.312,6.333,164463.67,60
2026-06-10 23:00:00,6.333,6.407,6.306,6.383,103340.04,60
2026-06-11 00:00:00,6.382,6.451,6.381,6.435,82787.95,60
2026-06-11 01:00:00,6.434,6.52,6.433,6.501,79900.26,60
2026-06-11 02:00:00,6.501,6.508,6.444,6.482,62544.14,60
2026-06-11 03:00:00,6.482,6.64,6.458,6.597,150001.1,60
2026-06-11 04:00:00,6.597,6.63,6.57,6.607,154168.34,60
2026-06-11 05:00:00,6.606,6.606,6.566,6.567,65938.12,60
2026-06-11 06:00:00,6.567,6.609,6.549,6.578,89231.79,60
2026-06-11 07:00:00,6.577,6.61,6.573,6.593,59800.94,60
2026-06-11 08:00:00,6.593,6.642,6.586,6.614,96288.4,60
2026-06-11 09:00:00,6.613,6.613,6.54,6.579,147239.3,60
2026-06-11 10:00:00,6.578,6.588,6.552,6.577,60350.81,60
2026-06-11 11:00:00,6.576,6.622,6.554,6.598,65287.6,60
2026-06-11 12:00:00,6.599,6.6,6.501,6.558,164398.22,60
2026-06-11 13:00:00,6.557,6.611,6.537,6.585,106597.75,60
2026-06-11 14:00:00,6.585,6.597,6.523,6.544,137067.73,60
2026-06-11 15:00:00,6.544,6.573,6.51,6.544,79253.06,60
2026-06-11 16:00:00,6.545,6.561,6.511,6.517,67850.81,60
2026-06-11 17:00:00,6.516,6.689,6.476,6.672,261596.83000000002,60
2026-06-11 18:00:00,6.673,6.692,6.628,6.651,116662.07,60
2026-06-11 19:00:00,6.65,6.707,6.634,6.667,123546.9,60
2026-06-11 20:00:00,6.668,6.678,6.607,6.634,88511.91,60
2026-06-11 21:00:00,6.634,6.672,6.633,6.651,54805.15,60
2026-06-11 22:00:00,6.651,6.677,6.634,6.646,42509.64,60
2026-06-11 23:00:00,6.646,6.672,6.626,6.648,43058.71,60
2026-06-12 00:00:00,6.648,6.667,6.637,6.64,41041.75,60
2026-06-12 01:00:00,6.639,6.641,6.601,6.629,40822.96,60
2026-06-12 02:00:00,6.63,6.677,6.63,6.661,34208.09,60
2026-06-12 03:00:00,6.661,6.665,6.637,6.659,21102.39,60
2026-06-12 04:00:00,6.659,6.69,6.641,6.664,46846.71,60
2026-06-12 05:00:00,6.665,6.665,6.612,6.619,39994.81,60
2026-06-12 06:00:00,6.617,6.625,6.527,6.546,97717.74,60
2026-06-12 07:00:00,6.546,6.584,6.546,6.571,45494.9,60
2026-06-12 08:00:00,6.572,6.637,6.568,6.624,41068.32,60
2026-06-12 09:00:00,6.623,6.668,6.615,6.647,51664.71,60
2026-06-12 10:00:00,6.647,6.662,6.614,6.637,37015.21,60
2026-06-12 11:00:00,6.637,6.659,6.629,6.638,39422.39,60
2026-06-12 12:00:00,6.637,6.65,6.607,6.617,39839.34,60
2026-06-12 13:00:00,6.617,6.62,6.52,6.542,114605.74,60
2026-06-12 14:00:00,6.542,6.673,6.537,6.667,143074.7,60
2026-06-12 15:00:00,6.668,6.7,6.546,6.554,175671.74,60
2026-06-12 16:00:00,6.552,6.623,6.523,6.622,98107.99,60
2026-06-12 17:00:00,6.623,6.654,6.59,6.596,54232.92,60
2026-06-12 18:00:00,6.596,6.617,6.559,6.586,57299.59,60
2026-06-12 19:00:00,6.587,6.628,6.581,6.586,37579.93,60
2026-06-12 20:00:00,6.587,6.606,6.571,6.581,38343.03,60
2026-06-12 21:00:00,6.582,6.603,6.554,6.565,32954.78,60
2026-06-12 22:00:00,6.565,6.588,6.55,6.571,47238.5,60
2026-06-12 23:00:00,6.571,6.575,6.54,6.571,28369.68,60
2026-06-13 00:00:00,6.57,6.595,6.557,6.586,19284.42,60
2026-06-13 01:00:00,6.586,6.635,6.581,6.62,38304.53,60
2026-06-13 02:00:00,6.62,6.625,6.591,6.605,21940.5,60
2026-06-13 03:00:00,6.605,6.616,6.573,6.597,22581.93,60
2026-06-13 04:00:00,6.598,6.622,6.573,6.588,20486.59,60
2026-06-13 05:00:00,6.589,6.62,6.569,6.592,20123.77,60
2026-06-13 06:00:00,6.593,6.643,6.573,6.635,49630.86,60
2026-06-13 07:00:00,6.634,6.686,6.618,6.666,78416.17,60
2026-06-13 08:00:00,6.667,6.683,6.648,6.661,32594.17,60
2026-06-13 09:00:00,6.661,6.671,6.648,6.651,24869.7,60
2026-06-13 10:00:00,6.653,6.663,6.63,6.645,25180.82,60
2026-06-13 11:00:00,6.645,6.678,6.643,6.674,36678.0,60
2026-06-13 12:00:00,6.674,6.695,6.663,6.68,25387.8,60
2026-06-13 13:00:00,6.68,6.685,6.66,6.676,38290.45,60
2026-06-13 14:00:00,6.676,6.694,6.669,6.691,46911.19,60
2026-06-13 15:00:00,6.692,6.76,6.685,6.754,142418.78,60
2026-06-13 16:00:00,6.754,6.769,6.679,6.717,104241.43,60
2026-06-13 17:00:00,6.716,6.728,6.683,6.697,42451.66,60
2026-06-13 18:00:00,6.696,6.722,6.691,6.708,26854.17,60
2026-06-13 19:00:00,6.707,6.734,6.69,6.715,41820.61,60
2026-06-13 20:00:00,6.715,6.724,6.699,6.72,13354.95,60
2026-06-13 21:00:00,6.72,6.776,6.702,6.749,38792.21,60
2026-06-13 22:00:00,6.751,6.753,6.719,6.72,24081.16,60
2026-06-13 23:00:00,6.719,6.735,6.705,6.719,14667.779999999999,60
2026-06-14 00:00:00,6.718,6.718,6.694,6.702,27109.93,60
2026-06-14 01:00:00,6.703,6.735,6.69,6.708,20740.030000000002,60
2026-06-14 02:00:00,6.708,6.731,6.703,6.712,16638.2,60
2026-06-14 03:00:00,6.712,6.727,6.7,6.722,41301.92,60
2026-06-14 04:00:00,6.723,6.724,6.663,6.676,24739.18,60
2026-06-14 05:00:00,6.676,6.687,6.651,6.678,34053.37,60
2026-06-14 06:00:00,6.679,6.698,6.656,6.659,19896.53,60
2026-06-14 07:00:00,6.659,6.663,6.642,6.658,23523.96,60
2026-06-14 08:00:00,6.657,6.669,6.647,6.652,14430.949999999999,60
2026-06-14 09:00:00,6.652,6.678,6.624,6.675,30309.51,60
2026-06-14 10:00:00,6.674,6.683,6.644,6.645,40244.23,60
2026-06-14 11:00:00,6.645,6.658,6.636,6.646,25079.82,60
2026-06-14 12:00:00,6.646,6.652,6.601,6.609,34535.82,60
2026-06-14 13:00:00,6.609,6.615,6.561,6.581,68135.58,60
2026-06-14 14:00:00,6.582,6.582,6.495,6.53,128503.19,60
2026-06-14 15:00:00,6.53,6.541,6.515,6.531,68893.62,60
2026-06-14 16:00:00,6.53,6.552,6.512,6.526,55843.64,60
2026-06-14 17:00:00,6.525,6.53,6.463,6.473,97314.81999999999,60
2026-06-14 18:00:00,6.473,6.474,6.376,6.402,233349.42,60
2026-06-14 19:00:00,6.402,6.472,6.397,6.434,115914.58,60
2026-06-14 20:00:00,6.434,6.486,6.413,6.462,90972.58,60
2026-06-14 21:00:00,6.462,6.771,6.456,6.714,264635.47,60
2026-06-14 22:00:00,6.715,6.765,6.69,6.725,211365.08,60
2026-06-14 23:00:00,6.725,6.791,6.699,6.79,154600.19,60
2026-06-15 00:00:00,6.789,6.805,6.73,6.753,112737.64,60
2026-06-15 01:00:00,6.754,6.755,6.7,6.718,62029.0,60
2026-06-15 02:00:00,6.719,6.775,6.71,6.734,84477.42,60
2026-06-15 03:00:00,6.734,6.777,6.725,6.764,56711.45,60
2026-06-15 04:00:00,6.764,6.78,6.742,6.747,48088.21,60
2026-06-15 05:00:00,6.746,6.802,6.735,6.787,59866.06,60
2026-06-15 06:00:00,6.787,6.804,6.762,6.772,60911.34,60
2026-06-15 07:00:00,6.773,6.806,6.753,6.758,76976.15,60
2026-06-15 08:00:00,6.758,6.796,6.751,6.774,55471.68,60
2026-06-15 09:00:00,6.774,6.79,6.74,6.762,87186.75,60
2026-06-15 10:00:00,6.762,6.858,6.757,6.839,150985.74000000002,60
2026-06-15 11:00:00,6.839,6.953,6.812,6.909,218203.08,60
2026-06-15 12:00:00,6.909,6.952,6.877,6.929,142032.21,60
2026-06-15 13:00:00,6.929,7.01,6.92,6.975,291801.21,60
2026-06-15 14:00:00,6.976,6.978,6.914,6.948,102552.21,60
2026-06-15 15:00:00,6.947,7.035,6.913,7.035,262596.2,60
2026-06-15 16:00:00,7.036,7.079,7.012,7.035,201917.59,60
2026-06-15 17:00:00,7.034,7.052,6.979,7.018,119750.04000000001,60
2026-06-15 18:00:00,7.017,7.032,6.973,6.978,86716.0,60
2026-06-15 19:00:00,6.978,7.004,6.883,6.897,147244.37,60
2026-06-15 20:00:00,6.897,6.926,6.873,6.882,90662.02,60
2026-06-15 21:00:00,6.883,6.902,6.858,6.876,76732.63,60
2026-06-15 22:00:00,6.876,6.898,6.81,6.83,79615.70999999999,60
2026-06-15 23:00:00,6.83,6.849,6.803,6.84,138987.52,60
2026-06-16 00:00:00,6.839,6.872,6.827,6.835,79023.29000000001,60
2026-06-16 01:00:00,6.836,6.874,6.831,6.836,31620.6,60
2026-06-16 02:00:00,6.835,6.841,6.746,6.771,95543.62,60
2026-06-16 03:00:00,6.771,6.835,6.76,6.835,51478.37,60
2026-06-16 04:00:00,6.834,6.842,6.76,6.769,43561.75,60
2026-06-16 05:00:00,6.77,6.816,6.77,6.806,32794.23,60
2026-06-16 06:00:00,6.807,6.867,6.807,6.86,38059.76,60
2026-06-16 07:00:00,6.861,6.928,6.854,6.924,70876.3,60
2026-06-16 08:00:00,6.923,7.05,6.915,7.032,127982.21,60
2026-06-16 09:00:00,7.032,7.038,6.948,6.959,81191.76000000001,60
2026-06-16 10:00:00,6.959,6.988,6.943,6.955,68384.78,60
2026-06-16 11:00:00,6.955,6.975,6.922,6.951,53803.82,60
2026-06-16 12:00:00,6.951,7.001,6.927,6.968,106877.72,60
2026-06-16 13:00:00,6.968,6.975,6.836,6.837,164222.73,60
2026-06-16 14:00:00,6.838,6.869,6.714,6.762,258585.24,60
2026-06-16 15:00:00,6.761,6.817,6.752,6.79,87267.29,60
2026-06-16 16:00:00,6.79,6.804,6.767,6.782,51611.61,60
2026-06-16 17:00:00,6.783,6.857,6.782,6.853,66388.76,60
2026-06-16 18:00:00,6.854,6.91,6.848,6.879,118181.32,60
2026-06-16 19:00:00,6.879,6.898,6.825,6.864,104395.68000000001,60
2026-06-16 20:00:00,6.864,6.951,6.847,6.932,126067.56,60
2026-06-16 21:00:00,6.932,6.946,6.889,6.918,80491.28,60
2026-06-16 22:00:00,6.918,6.924,6.883,6.906,51524.85,60
2026-06-16 23:00:00,6.907,6.915,6.871,6.88,46485.86,60
2026-06-17 00:00:00,6.881,6.923,6.881,6.897,50804.1,60
2026-06-17 01:00:00,6.898,6.971,6.871,6.966,76168.64,60
2026-06-17 02:00:00,6.965,7.022,6.946,6.984,126696.78,60
2026-06-17 03:00:00,6.983,6.983,6.932,6.954,73511.20999999999,60
2026-06-17 04:00:00,6.955,6.987,6.938,6.953,63867.86,60
2026-06-17 05:00:00,6.954,6.975,6.907,6.941,73190.4,60
2026-06-17 06:00:00,6.941,6.965,6.884,6.904,130790.57,60
2026-06-17 07:00:00,6.905,6.955,6.87,6.899,94646.45,60
2026-06-17 08:00:00,6.9,6.903,6.793,6.811,125513.32,60
2026-06-17 09:00:00,6.81,6.85,6.81,6.838,63964.84,60
2026-06-17 10:00:00,6.839,6.847,6.81,6.814,42595.549999999996,60
2026-06-17 11:00:00,6.814,6.823,6.774,6.806,69279.3,60
2026-06-17 12:00:00,6.806,6.851,6.768,6.849,149457.64,60
2026-06-17 13:00:00,6.849,6.872,6.815,6.832,80597.42,60
2026-06-17 14:00:00,6.831,6.873,6.79,6.837,92215.14,60
2026-06-17 15:00:00,6.837,6.971,6.827,6.968,181195.76,60
2026-06-17 16:00:00,6.968,7.018,6.91,6.91,169526.53,60
2026-06-17 17:00:00,6.911,6.97,6.884,6.965,115212.35,60
2026-06-17 18:00:00,6.964,6.964,6.775,6.897,358866.1,60
2026-06-17 19:00:00,6.897,6.915,6.703,6.737,353196.71,60
2026-06-17 20:00:00,6.736,6.796,6.718,6.791,113291.83,60
2026-06-17 21:00:00,6.791,6.796,6.718,6.741,65178.0,60
2026-06-17 22:00:00,6.741,6.768,6.653,6.738,128307.55,60
2026-06-17 23:00:00,6.739,6.778,6.739,6.766,47320.41,60
2026-06-18 00:00:00,6.766,6.795,6.759,6.762,53070.04,60
2026-06-18 01:00:00,6.762,6.804,6.761,6.772,31718.55,60
2026-06-18 02:00:00,6.773,6.798,6.752,6.789,27418.32,60
2026-06-18 03:00:00,6.788,6.788,6.703,6.712,72349.21,60
2026-06-18 04:00:00,6.713,6.714,6.623,6.639,165755.96,60
2026-06-18 05:00:00,6.638,6.64,6.575,6.62,160099.83,60
2026-06-18 06:00:00,6.62,6.65,6.596,6.646,76982.06999999999,60
2026-06-18 07:00:00,6.646,6.684,6.62,6.676,85885.74,60
2026-06-18 08:00:00,6.677,6.698,6.652,6.67,87132.97,60
2026-06-18 09:00:00,6.67,6.683,6.643,6.674,84561.76,60
2026-06-18 10:00:00,6.674,6.675,6.626,6.651,68088.17,60
2026-06-18 11:00:00,6.651,6.662,6.607,6.62,74692.73,60
2026-06-18 12:00:00,6.621,6.669,6.609,6.666,69241.66,60
2026-06-18 13:00:00,6.666,6.68,6.559,6.619,142680.2,60
2026-06-18 14:00:00,6.619,6.673,6.568,6.593,110539.53,60
2026-06-18 15:00:00,6.593,6.594,6.214,6.245,1133098.59,60
2026-06-18 16:00:00,6.244,6.338,6.228,6.334,291261.57,60
2026-06-18 17:00:00,6.335,6.341,6.252,6.291,208008.02,60
2026-06-18 18:00:00,6.291,6.32,6.264,6.306,145195.56,60
2026-06-18 19:00:00,6.305,6.368,6.298,6.356,109511.22,60
2026-06-18 20:00:00,6.357,6.386,6.326,6.352,136152.94,60
2026-06-18 21:00:00,6.352,6.354,6.277,6.293,162134.51,60
2026-06-18 22:00:00,6.293,6.311,6.28,6.307,62932.18,60
2026-06-18 23:00:00,6.306,6.322,6.275,6.318,95945.55,60
2026-06-19 00:00:00,6.317,6.324,6.29,6.309,63117.87,60
2026-06-19 01:00:00,6.309,6.321,6.273,6.306,88524.16,60
2026-06-19 02:00:00,6.306,6.323,6.245,6.277,141109.2,60
2026-06-19 03:00:00,6.277,6.29,6.111,6.15,331837.29,60
2026-06-19 04:00:00,6.15,6.15,6.029,6.042,349418.07,60
2026-06-19 05:00:00,6.043,6.091,6.041,6.071,202538.9,60
2026-06-19 06:00:00,6.071,6.084,6.006,6.047,228643.88,60
2026-06-19 07:00:00,6.047,6.047,5.968,5.992,556773.84,60
2026-06-19 08:00:00,5.992,6.057,5.987,6.056,253908.64,60
2026-06-19 09:00:00,6.057,6.102,6.03,6.063,281649.31,60
2026-06-19 10:00:00,6.063,6.071,6.008,6.042,124917.56,60
2026-06-19 11:00:00,6.042,6.073,6.01,6.047,155658.53,60
2026-06-19 12:00:00,6.047,6.124,6.035,6.11,168234.71,60
2026-06-19 13:00:00,6.11,6.193,6.086,6.165,199489.05,60
2026-06-19 14:00:00,6.166,6.178,6.11,6.119,167440.36,60
2026-06-19 15:00:00,6.119,6.15,6.11,6.122,115670.11,60
2026-06-19 16:00:00,6.123,6.157,6.069,6.071,233763.79,60
2026-06-19 17:00:00,6.071,6.133,5.983,5.993,334729.77,60
2026-06-19 18:00:00,5.993,6.052,5.734,5.921,1815278.29,60
2026-06-19 19:00:00,5.92,5.92,5.681,5.879,1227911.6,60
2026-06-19 20:00:00,5.88,5.937,5.802,5.933,319795.95,60
2026-06-19 21:00:00,5.932,5.948,5.872,5.942,155530.64,60
2026-06-19 22:00:00,5.941,5.975,5.926,5.933,207280.96,60
2026-06-19 23:00:00,5.932,5.939,5.873,5.896,190533.81,60
2026-06-20 00:00:00,5.896,5.972,5.883,5.902,237239.79,60
2026-06-20 01:00:00,5.903,5.975,5.899,5.941,140701.52,60
2026-06-20 02:00:00,5.941,5.956,5.91,5.941,114847.98999999999,60
2026-06-20 03:00:00,5.941,5.968,5.907,5.95,111018.19,60
2026-06-20 04:00:00,5.949,5.997,5.933,5.98,115062.8,60
2026-06-20 05:00:00,5.981,6.053,5.98,6.029,177406.7,60
2026-06-20 06:00:00,6.028,6.047,5.819,5.94,962010.27,60
2026-06-20 07:00:00,5.939,6.259,5.866,6.148,1638669.72,60
2026-06-20 08:00:00,6.149,6.177,6.098,6.163,193021.26,60
2026-06-20 09:00:00,6.163,6.211,6.163,6.188,135238.15,60
2026-06-20 10:00:00,6.188,6.216,6.167,6.214,151433.75,60
2026-06-20 11:00:00,6.214,6.221,6.141,6.162,117074.58,60
2026-06-20 12:00:00,6.163,6.188,6.141,6.168,126180.09999999999,60
2026-06-20 13:00:00,6.167,6.174,6.027,6.122,962630.37,60
2026-06-20 14:00:00,6.121,6.161,6.047,6.107,394759.49,60
2026-06-20 15:00:00,6.107,6.162,6.09,6.15,168402.43,60
2026-06-20 16:00:00,6.151,6.152,6.099,6.142,54478.18,60
2026-06-20 17:00:00,6.142,6.145,6.068,6.109,75353.33,60
2026-06-20 18:00:00,6.109,6.127,6.085,6.09,100309.8,60
2026-06-20 19:00:00,6.089,6.121,6.069,6.116,96199.56999999999,60
2026-06-20 20:00:00,6.117,6.148,6.106,6.14,111998.62,60
2026-06-20 21:00:00,6.139,6.204,6.136,6.182,216985.69,60
2026-06-20 22:00:00,6.182,6.256,6.166,6.242,271408.84,60
2026-06-20 23:00:00,6.241,6.263,6.228,6.239,111851.05,60
2026-06-21 00:00:00,6.24,6.292,6.233,6.266,216645.28,60
2026-06-21 01:00:00,6.266,6.273,6.228,6.248,116616.55,60
2026-06-21 02:00:00,6.248,6.248,6.216,6.237,47204.67,60
2026-06-21 03:00:00,6.236,6.272,6.225,6.263,65185.07,60
2026-06-21 04:00:00,6.263,6.286,6.23,6.237,60639.13,60
2026-06-21 05:00:00,6.237,6.26,6.204,6.22,61326.03,60
2026-06-21 06:00:00,6.22,6.25,6.211,6.241,47616.54,60
2026-06-21 07:00:00,6.241,6.345,6.218,6.287,155976.61000000002,60
2026-06-21 08:00:00,6.288,6.318,6.235,6.288,116077.64,60
2026-06-21 09:00:00,6.288,6.342,6.264,6.314,130369.09,60
2026-06-21 10:00:00,6.314,6.326,6.282,6.303,165649.82,60
2026-06-21 11:00:00,6.303,6.312,6.26,6.267,89408.03,60
2026-06-21 12:00:00,6.267,6.289,6.24,6.282,88711.86,60
2026-06-21 13:00:00,6.283,6.309,6.269,6.297,58629.14,60
2026-06-21 14:00:00,6.297,6.372,6.263,6.324,129428.75,60
2026-06-21 15:00:00,6.325,6.348,6.311,6.331,65298.49,60
2026-06-21 16:00:00,6.331,6.335,6.241,6.273,90856.44,60
2026-06-21 17:00:00,6.273,6.298,6.233,6.247,66412.93000000001,60
2026-06-21 18:00:00,6.247,6.276,6.228,6.267,59903.24,60
2026-06-21 19:00:00,6.266,6.277,6.254,6.263,33513.05,60
2026-06-21 20:00:00,6.263,6.268,6.175,6.2,85887.64,60
2026-06-21 21:00:00,6.2,6.207,6.128,6.174,104219.37,60
2026-06-21 22:00:00,6.174,6.204,6.123,6.144,70507.39,60
2026-06-21 23:00:00,6.144,6.144,6.097,6.113,76290.0,60
2026-06-22 00:00:00,6.113,6.213,6.113,6.202,88518.25,60
2026-06-22 01:00:00,6.202,6.336,6.192,6.268,155145.73,60
2026-06-22 02:00:00,6.268,6.274,6.228,6.231,43800.41,60
2026-06-22 03:00:00,6.232,6.293,6.202,6.23,113161.86,60
2026-06-22 04:00:00,6.23,6.286,6.218,6.276,48243.9,60
2026-06-22 05:00:00,6.275,6.32,6.27,6.301,63161.12,60
2026-06-22 06:00:00,6.302,6.306,6.196,6.251,456512.75,60
2026-06-22 07:00:00,6.251,6.308,6.246,6.286,102393.52,60
2026-06-22 08:00:00,6.286,6.288,6.22,6.265,138433.47,60
2026-06-22 09:00:00,6.264,6.274,6.239,6.24,70307.23,60
2026-06-22 10:00:00,6.24,6.285,6.24,6.269,40278.45,60
2026-06-22 11:00:00,6.268,6.379,6.26,6.365,120198.19,60
2026-06-22 12:00:00,6.365,6.426,6.352,6.405,157571.96,60
2026-06-22 13:00:00,6.406,6.472,6.363,6.463,165785.65,60
2026-06-22 14:00:00,6.464,6.468,6.304,6.331,136982.39,60
2026-06-22 15:00:00,6.331,6.35,6.283,6.307,112912.14,60
2026-06-22 16:00:00,6.307,6.331,6.281,6.313,95251.68,60
2026-06-22 17:00:00,6.312,6.329,6.268,6.32,85850.7,60
2026-06-22 18:00:00,6.319,6.336,6.262,6.271,93915.85,60
2026-06-22 19:00:00,6.27,6.279,6.234,6.271,60028.55,60
2026-06-22 20:00:00,6.272,6.297,6.265,6.277,30487.87,60
2026-06-22 21:00:00,6.278,6.283,6.216,6.25,42841.17,60
2026-06-22 22:00:00,6.251,6.269,6.166,6.211,89823.16,60
2026-06-22 23:00:00,6.21,6.247,6.193,6.241,64848.76,60
2026-06-23 00:00:00,6.241,6.277,6.214,6.276,84543.69,60
2026-06-23 01:00:00,6.275,6.298,6.224,6.27,79120.89,60
2026-06-23 02:00:00,6.269,6.313,6.246,6.301,59252.380000000005,60
2026-06-23 03:00:00,6.302,6.313,6.276,6.313,43650.84,60
2026-06-23 04:00:00,6.314,6.334,6.265,6.273,60467.43,60
2026-06-23 05:00:00,6.274,6.295,6.212,6.238,67172.66,60
2026-06-23 06:00:00,6.239,6.246,6.065,6.167,730593.0599999999,60
2026-06-23 07:00:00,6.166,6.215,6.145,6.157,184013.89,60
2026-06-23 08:00:00,6.157,6.166,6.013,6.125,224501.48,60
2026-06-23 09:00:00,6.124,6.214,6.124,6.211,233850.86,60
2026-06-23 10:00:00,6.211,6.246,6.171,6.202,151115.82,60
2026-06-23 11:00:00,6.202,6.258,6.201,6.257,134229.53,60
2026-06-23 12:00:00,6.258,6.305,6.233,6.247,183131.58,60
2026-06-23 13:00:00,6.247,6.307,6.217,6.285,207314.11,60
2026-06-23 14:00:00,6.286,6.456,6.275,6.327,426165.5,60
2026-06-23 15:00:00,6.327,6.388,6.292,6.371,182630.54,60
2026-06-23 16:00:00,6.372,6.408,6.328,6.335,187740.51,60
2026-06-23 17:00:00,6.335,6.352,6.275,6.283,164751.04,60
2026-06-23 18:00:00,6.283,6.313,6.271,6.302,106709.84,60
2026-06-23 19:00:00,6.302,6.353,6.296,6.34,121282.69,60
2026-06-23 20:00:00,6.341,6.45,6.341,6.413,309864.12,60
2026-06-23 21:00:00,6.413,6.451,6.409,6.431,121525.36,60
2026-06-23 22:00:00,6.43,6.527,6.423,6.473,166895.4,60
2026-06-23 23:00:00,6.472,6.514,6.442,6.484,142784.64,60
2026-06-24 00:00:00,6.484,6.544,6.484,6.514,159248.71,60
2026-06-24 01:00:00,6.515,6.54,6.455,6.455,138067.15,60
2026-06-24 02:00:00,6.456,6.464,6.412,6.437,125648.05,60
2026-06-24 03:00:00,6.438,6.453,6.407,6.417,80983.26,60
2026-06-24 04:00:00,6.417,6.443,6.367,6.428,90939.55,60
2026-06-24 05:00:00,6.427,6.458,6.427,6.437,62951.01,60
2026-06-24 06:00:00,6.436,6.458,6.411,6.422,52525.67,60
2026-06-24 07:00:00,6.422,6.428,6.356,6.395,144543.08000000002,60
2026-06-24 08:00:00,6.394,6.415,6.378,6.407,58752.08,60
2026-06-24 09:00:00,6.406,6.418,6.386,6.411,57020.19,60
2026-06-24 10:00:00,6.411,6.431,6.386,6.404,75893.72,60
2026-06-24 11:00:00,6.403,6.496,6.371,6.447,144659.36,60
2026-06-24 12:00:00,6.447,6.45,6.413,6.427,52586.020000000004,60
2026-06-24 13:00:00,6.427,6.431,6.286,6.308,319485.96,60
2026-06-24 14:00:00,6.307,6.36,6.287,6.329,208961.24,60
2026-06-24 15:00:00,6.33,6.335,6.206,6.234,238269.76,60
2026-06-24 16:00:00,6.233,6.306,6.106,6.144,268959.06,60
2026-06-24 17:00:00,6.146,6.173,5.998,6.023,255534.09,60
2026-06-24 18:00:00,6.023,6.158,6.005,6.098,134812.79,60
2026-06-24 19:00:00,6.098,6.148,6.073,6.144,129558.81,60
2026-06-24 20:00:00,6.143,6.366,6.119,6.337,274923.13,60
2026-06-24 21:00:00,6.338,6.387,6.305,6.38,103896.43,60
2026-06-24 22:00:00,6.381,6.492,6.381,6.424,235169.09,60
2026-06-24 23:00:00,6.425,6.472,6.402,6.444,127488.15,60
2026-06-25 00:00:00,6.444,6.483,6.391,6.403,119076.20999999999,60
2026-06-25 01:00:00,6.403,6.433,6.396,6.425,64554.18,60
2026-06-25 02:00:00,6.424,6.46,6.39,6.411,115812.52,60
2026-06-25 03:00:00,6.411,6.435,6.391,6.414,54091.95,60
2026-06-25 04:00:00,6.414,6.509,6.389,6.485,92246.6,60
2026-06-25 05:00:00,6.485,6.64,6.484,6.551,404706.43,60
2026-06-25 06:00:00,6.55,6.622,6.55,6.578,136821.87,60
2026-06-25 07:00:00,6.579,6.589,6.515,6.531,177418.08,60
2026-06-25 08:00:00,6.531,6.534,6.489,6.509,70148.3,60
2026-06-25 09:00:00,6.51,6.515,6.488,6.503,44451.47,60
2026-06-25 10:00:00,6.503,6.51,6.424,6.432,197164.13,60
2026-06-25 11:00:00,6.432,6.445,6.385,6.404,125935.99,60
2026-06-25 12:00:00,6.404,6.447,6.34,6.379,143594.43,60
2026-06-25 13:00:00,6.379,6.393,5.954,5.979,605416.45,60
2026-06-25 14:00:00,5.98,6.232,5.98,6.125,535229.01,60
2026-06-25 15:00:00,6.125,6.135,6.037,6.118,217236.56,60
2026-06-25 16:00:00,6.119,6.173,6.073,6.106,105526.25,60
2026-06-25 17:00:00,6.108,6.26,6.108,6.258,231468.68,60
2026-06-25 18:00:00,6.258,6.26,6.12,6.14,124867.86,60
2026-06-25 19:00:00,6.14,6.14,6.046,6.109,140589.88,60
2026-06-25 20:00:00,6.11,6.181,6.11,6.141,91346.98,60
2026-06-25 21:00:00,6.141,6.254,6.138,6.254,87028.94,60
2026-06-25 22:00:00,6.253,6.259,6.193,6.203,53530.17,60
2026-06-25 23:00:00,6.204,6.269,6.2,6.235,62779.12,60
2026-06-26 00:00:00,6.235,6.249,6.205,6.212,45838.52,60
2026-06-26 01:00:00,6.211,6.229,6.121,6.129,60348.57,60
2026-06-26 02:00:00,6.13,6.133,5.986,5.998,184822.78,60
2026-06-26 03:00:00,5.999,6.157,5.963,6.143,165560.8,60
2026-06-26 04:00:00,6.144,6.158,6.081,6.086,59179.22,60
2026-06-26 05:00:00,6.087,6.132,6.072,6.107,63605.58,60
2026-06-26 06:00:00,6.108,6.256,6.077,6.247,142627.51,60
2026-06-26 07:00:00,6.246,6.335,6.243,6.312,168258.86000000002,60
2026-06-26 08:00:00,6.312,6.322,6.215,6.226,108255.33,60
2026-06-26 09:00:00,6.227,6.26,6.152,6.159,93815.89,60
2026-06-26 10:00:00,6.16,6.179,6.141,6.151,53985.88,60
2026-06-26 11:00:00,6.152,6.175,6.105,6.136,59302.16,60
2026-06-26 12:00:00,6.136,6.191,6.072,6.099,106290.7,60
2026-06-26 13:00:00,6.1,6.261,6.043,6.256,183252.48,60
2026-06-26 14:00:00,6.255,6.287,6.205,6.226,169328.67,60
2026-06-26 15:00:00,6.228,6.377,6.21,6.373,213165.34,60
2026-06-26 16:00:00,6.374,6.458,6.343,6.383,283151.36,60
2026-06-26 17:00:00,6.382,6.523,6.375,6.471,269340.82,60
2026-06-26 18:00:00,6.47,6.504,6.39,6.401,117925.08,60
2026-06-26 19:00:00,6.402,6.447,6.373,6.383,125400.47,60
2026-06-26 20:00:00,6.383,6.451,6.342,6.359,148883.63,60
2026-06-26 21:00:00,6.359,6.386,6.335,6.349,27893.59,60
2026-06-26 22:00:00,6.348,6.55,6.32,6.533,240551.71,60
2026-06-26 23:00:00,6.532,6.634,6.527,6.633,221580.6,60
2026-06-27 00:00:00,6.633,6.67,6.521,6.59,258902.16,60
2026-06-27 01:00:00,6.59,6.59,6.527,6.537,81591.61,60
2026-06-27 02:00:00,6.537,6.671,6.499,6.654,170290.77,60
2026-06-27 03:00:00,6.653,6.653,6.544,6.549,81904.69,60
2026-06-27 04:00:00,6.55,6.596,6.543,6.554,130998.09,60
2026-06-27 05:00:00,6.555,6.576,6.521,6.569,58652.13,60
2026-06-27 06:00:00,6.569,6.637,6.54,6.593,119328.52,60
2026-06-27 07:00:00,6.593,6.6,6.556,6.563,58664.07,60
2026-06-27 08:00:00,6.562,6.584,6.543,6.565,66420.1,60
2026-06-27 09:00:00,6.566,6.573,6.513,6.533,64587.79,60
2026-06-27 10:00:00,6.533,6.543,6.503,6.526,73752.19,60
2026-06-27 11:00:00,6.525,6.581,6.45,6.579,169054.2,60
2026-06-27 12:00:00,6.58,6.581,6.521,6.538,78079.78,60
2026-06-27 13:00:00,6.538,6.588,6.533,6.58,60046.729999999996,60
2026-06-27 14:00:00,6.581,6.646,6.567,6.615,105148.03,60
2026-06-27 15:00:00,6.616,6.676,6.608,6.637,111509.68000000001,60
2026-06-27 16:00:00,6.638,6.653,6.614,6.623,107315.17,60
2026-06-27 17:00:00,6.623,6.623,6.532,6.535,101241.89,60
2026-06-27 18:00:00,6.535,6.536,6.499,6.508,54102.79,60
2026-06-27 19:00:00,6.509,6.521,6.4,6.431,150487.9,60
2026-06-27 20:00:00,6.431,6.46,6.427,6.432,40201.83,60
2026-06-27 21:00:00,6.433,6.459,6.374,6.402,56310.0,60
2026-06-27 22:00:00,6.401,6.434,6.336,6.429,109926.49,60
2026-06-27 23:00:00,6.43,6.464,6.414,6.433,57896.47,60
2026-06-28 00:00:00,6.433,6.443,6.411,6.429,59648.18,60
2026-06-28 01:00:00,6.429,6.43,6.385,6.394,47589.13,60
2026-06-28 02:00:00,6.395,6.423,6.366,6.372,67113.55,60
2026-06-28 03:00:00,6.372,6.413,6.369,6.406,22672.0,60
2026-06-28 04:00:00,6.405,6.41,6.376,6.398,18925.79,60
2026-06-28 05:00:00,6.399,6.399,6.355,6.374,68093.89,60
2026-06-28 06:00:00,6.375,6.385,6.302,6.331,72360.17,60
2026-06-28 07:00:00,6.33,6.361,6.318,6.341,29887.5,60
2026-06-28 08:00:00,6.341,6.384,6.307,6.368,87422.03,60
2026-06-28 09:00:00,6.369,6.395,6.313,6.327,68919.0,60
2026-06-28 10:00:00,6.327,6.356,6.313,6.322,39626.15,60
2026-06-28 11:00:00,6.323,6.364,6.312,6.358,30949.18,60
2026-06-28 12:00:00,6.357,6.357,6.306,6.324,47904.75,60
2026-06-28 13:00:00,6.324,6.324,6.28,6.302,56100.56,60
2026-06-28 14:00:00,6.302,6.342,6.294,6.321,44684.98,60
2026-06-28 15:00:00,6.322,6.355,6.311,6.327,42575.67,60
2026-06-28 16:00:00,6.327,6.33,6.27,6.312,126271.53,60
2026-06-28 17:00:00,6.311,6.336,6.279,6.32,50761.69,60
2026-06-28 18:00:00,6.319,6.353,6.315,6.349,37452.39,60
2026-06-28 19:00:00,6.349,6.369,6.308,6.335,39725.72,60
2026-06-28 20:00:00,6.334,6.475,6.33,6.406,129063.86,60
2026-06-28 21:00:00,6.407,6.42,6.299,6.327,84390.94,60
2026-06-28 22:00:00,6.328,6.445,6.316,6.351,97650.92,60
2026-06-28 23:00:00,6.35,6.487,6.337,6.448,83862.74,60
2026-06-29 00:00:00,6.45,6.489,6.364,6.483,115747.44,60
2026-06-29 01:00:00,6.484,6.546,6.425,6.508,67021.38,60
2026-06-29 02:00:00,6.509,6.541,6.406,6.521,119533.23,60
2026-06-29 03:00:00,6.522,6.663,6.521,6.617,169394.17,60
2026-06-29 04:00:00,6.618,6.634,6.526,6.588,237020.45,60
2026-06-29 05:00:00,6.588,6.617,6.504,6.613,98800.56,60
2026-06-29 06:00:00,6.614,6.65,6.531,6.539,151319.01,60
2026-06-29 07:00:00,6.539,6.566,6.5,6.55,69061.33,60
2026-06-29 08:00:00,6.551,6.577,6.5,6.529,171121.19,60
2026-06-29 09:00:00,6.529,6.613,6.523,6.613,94995.99,60
2026-06-29 10:00:00,6.613,6.63,6.564,6.599,92712.25,60
2026-06-29 11:00:00,6.599,6.611,6.538,6.574,84027.75,60
2026-06-29 12:00:00,6.574,6.714,6.529,6.569,235770.44,60
2026-06-29 13:00:00,6.569,6.621,6.525,6.564,137762.34,60
2026-06-29 14:00:00,6.565,6.567,6.448,6.566,188348.88999999998,60
2026-06-29 15:00:00,6.566,6.671,6.497,6.659,182657.96,60
2026-06-29 16:00:00,6.66,6.703,6.626,6.688,179862.71,60
2026-06-29 17:00:00,6.688,6.822,6.686,6.757,357206.52,60
2026-06-29 18:00:00,6.757,6.77,6.721,6.727,78068.2,60
2026-06-29 19:00:00,6.727,6.744,6.707,6.725,76979.26,60
2026-06-29 20:00:00,6.725,6.736,6.671,6.671,60832.03,60
2026-06-29 21:00:00,6.671,6.716,6.662,6.703,67844.2,60
2026-06-29 22:00:00,6.704,6.72,6.688,6.696,78042.81999999999,60
2026-06-29 23:00:00,6.696,6.701,6.661,6.679,38166.0,60
2026-06-30 00:00:00,6.678,6.681,6.611,6.655,72642.98,60
2026-06-30 01:00:00,6.654,6.677,6.627,6.659,47839.32,60
2026-06-30 02:00:00,6.659,6.677,6.628,6.671,34173.75,60
2026-06-30 03:00:00,6.671,6.671,6.622,6.629,42597.04,60
2026-06-30 04:00:00,6.629,6.64,6.601,6.633,42805.14,60
2026-06-30 05:00:00,6.633,6.638,6.581,6.611,40585.66,60
2026-06-30 06:00:00,6.612,6.616,6.576,6.599,30486.23,60
2026-06-30 07:00:00,6.598,6.616,6.568,6.579,84667.15,60
2026-06-30 08:00:00,6.579,6.648,6.565,6.64,147798.31,60
2026-06-30 09:00:00,6.641,6.655,6.6,6.634,101019.95999999999,60
2026-06-30 10:00:00,6.635,6.639,6.599,6.608,37928.77,60
2026-06-30 11:00:00,6.607,6.613,6.525,6.535,81555.19,60
2026-06-30 12:00:00,6.534,6.534,6.387,6.397,198218.7,60
2026-06-30 13:00:00,6.397,6.48,6.385,6.475,156215.51,60
2026-06-30 14:00:00,6.475,6.531,6.436,6.45,94163.94,60
2026-06-30 15:00:00,6.45,6.533,6.432,6.499,63033.45,60
2026-06-30 16:00:00,6.5,6.558,6.466,6.54,73109.38,60
2026-06-30 17:00:00,6.54,6.578,6.504,6.504,70374.38,60
2026-06-30 18:00:00,6.504,6.561,6.489,6.558,57768.22,60
2026-06-30 19:00:00,6.557,6.598,6.538,6.575,60602.700000000004,60
2026-06-30 20:00:00,6.575,6.594,6.543,6.555,26852.0,60
2026-06-30 21:00:00,6.555,6.563,6.529,6.554,30414.95,60
2026-06-30 22:00:00,6.554,6.578,6.511,6.519,42458.88,60
2026-06-30 23:00:00,6.52,6.541,6.508,6.538,27118.08,60
2026-07-01 00:00:00,6.539,6.555,6.513,6.541,31762.8,60
2026-07-01 01:00:00,6.542,6.596,6.427,6.571,97246.86,60
2026-07-01 02:00:00,6.571,6.626,6.55,6.605,44466.840000000004,60
2026-07-01 03:00:00,6.605,6.727,6.605,6.704,166302.71,60
2026-07-01 04:00:00,6.705,6.723,6.672,6.699,107790.0,60
2026-07-01 05:00:00,6.699,6.705,6.651,6.682,71714.33,60
2026-07-01 06:00:00,6.682,6.686,6.605,6.635,64844.72,60
2026-07-01 07:00:00,6.636,6.664,6.619,6.654,58356.840000000004,60
2026-07-01 08:00:00,6.654,6.671,6.617,6.669,90867.97,60
2026-07-01 09:00:00,6.668,6.697,6.65,6.686,120617.32,60
2026-07-01 10:00:00,6.686,6.695,6.62,6.647,79469.64,60
2026-07-01 11:00:00,6.648,6.671,6.629,6.659,47423.6,60
2026-07-01 12:00:00,6.66,6.664,6.595,6.609,75014.33,60
2026-07-01 13:00:00,6.61,6.663,6.561,6.647,141948.74,60
2026-07-01 14:00:00,6.647,6.715,6.633,6.669,112660.03,60
2026-07-01 15:00:00,6.67,6.748,6.664,6.73,117179.49,60
2026-07-01 16:00:00,6.73,6.758,6.688,6.695,85725.8,60
2026-07-01 17:00:00,6.696,6.754,6.667,6.744,66298.77,60
2026-07-01 18:00:00,6.745,6.751,6.703,6.722,88191.01,60
2026-07-01 19:00:00,6.721,6.735,6.678,6.695,75972.45,60
2026-07-01 20:00:00,6.695,6.711,6.672,6.711,60022.54,60
2026-07-01 21:00:00,6.712,6.795,6.707,6.781,134231.76,60
2026-07-01 22:00:00,6.78,6.814,6.721,6.73,161978.09,60
2026-07-01 23:00:00,6.729,6.729,6.663,6.666,81562.5,60
2026-07-02 00:00:00,6.667,6.668,6.613,6.643,116271.46,60
2026-07-02 01:00:00,6.644,6.729,6.641,6.696,84095.76,60
2026-07-02 02:00:00,6.695,6.704,6.669,6.672,66509.39,60
2026-07-02 03:00:00,6.672,6.727,6.654,6.716,72422.53,60
2026-07-02 04:00:00,6.715,6.731,6.703,6.728,51261.200000000004,60
2026-07-02 05:00:00,6.727,6.735,6.683,6.695,62050.53,60
2026-07-02 06:00:00,6.694,6.707,6.663,6.672,54250.0,60
2026-07-02 07:00:00,6.672,6.689,6.666,6.671,48878.78,60
2026-07-02 08:00:00,6.672,6.715,6.666,6.711,53901.48,60
2026-07-02 09:00:00,6.711,6.778,6.695,6.764,123051.97,60
2026-07-02 10:00:00,6.764,6.797,6.75,6.796,88342.34,60
2026-07-02 11:00:00,6.797,6.814,6.764,6.782,113632.22,60
2026-07-02 12:00:00,6.781,6.833,6.756,6.819,143052.47,60
2026-07-02 13:00:00,6.82,6.88,6.796,6.818,221015.01,60
2026-07-02 14:00:00,6.819,6.846,6.74,6.768,186375.75,60
2026-07-02 15:00:00,6.768,6.79,6.741,6.777,70010.88,60
2026-07-02 16:00:00,6.777,6.784,6.738,6.775,73778.21,60
2026-07-02 17:00:00,6.775,6.79,6.736,6.754,42071.08,60
2026-07-02 18:00:00,6.754,6.769,6.747,6.757,42485.36,60
2026-07-02 19:00:00,6.757,6.763,6.717,6.744,68831.75,60
2026-07-02 20:00:00,6.745,6.761,6.723,6.753,66662.68000000001,60
2026-07-02 21:00:00,6.754,6.798,6.752,6.787,63081.39,60
2026-07-02 22:00:00,6.786,6.823,6.762,6.812,106586.62,60
2026-07-02 23:00:00,6.812,6.814,6.788,6.8,66091.02,60
2026-07-03 00:00:00,6.801,6.812,6.783,6.789,84627.97,60
2026-07-03 01:00:00,6.789,6.868,6.787,6.854,86731.11,60
2026-07-03 02:00:00,6.855,6.872,6.824,6.859,84525.09,60
2026-07-03 03:00:00,6.858,6.88,6.813,6.85,106217.83,60
2026-07-03 04:00:00,6.851,6.854,6.812,6.818,71064.05,60
2026-07-03 05:00:00,6.818,6.871,6.812,6.85,67456.61,60
2026-07-03 06:00:00,6.85,6.878,6.838,6.855,80752.17,60
2026-07-03 07:00:00,6.856,6.861,6.83,6.838,77329.25,60
2026-07-03 08:00:00,6.839,6.891,6.826,6.843,138231.74,60
2026-07-03 09:00:00,6.842,6.858,6.831,6.838,60278.82,60
